model	mode	workers	rep	load1	cpu_busy_before	wall_s	states	complete	stop	rc
indep5	dfs	0	1	2.73	-	0.686	579195	True	complete	0
indep5	bfs	0	1	2.73	-	1.436	579195	True	complete	0
indep5	par	1	1	2.73	-	0.744	579195	True	complete	0
indep5	par	2	1	3.39	-	0.572	579195	True	complete	0
indep5	par	4	1	3.20	-	0.323	579195	True	complete	0
indep5	par	8	1	2.94	-	0.233	579195	True	complete	0
indep5	par	16	1	2.94	-	0.218	579195	True	complete	0
indep5	par	32	1	2.94	-	0.229	579195	True	complete	0
indep5	dfs	0	2	2.94	-	0.644	579195	True	complete	0
indep5	bfs	0	2	2.71	-	1.302	579195	True	complete	0
indep5	par	1	2	3.05	-	0.802	579195	True	complete	0
indep5	par	2	2	3.21	-	0.532	579195	True	complete	0
indep5	par	4	2	3.21	-	0.354	579195	True	complete	0
indep5	par	8	2	3.21	-	0.238	579195	True	complete	0
indep5	par	16	2	3.11	-	0.234	579195	True	complete	0
indep5	par	32	2	3.11	-	0.217	579195	True	complete	0
indep5	dfs	0	3	3.11	-	0.770	579195	True	complete	0
indep5	bfs	0	3	3.11	-	1.462	579195	True	complete	0
indep5	par	1	3	2.94	-	0.916	579195	True	complete	0
indep5	par	2	3	2.57	-	0.505	579195	True	complete	0
indep5	par	4	3	2.57	-	0.302	579195	True	complete	0
indep5	par	8	3	2.57	-	0.238	579195	True	complete	0
indep5	par	16	3	2.57	-	0.214	579195	True	complete	0
indep5	par	32	3	2.36	-	0.234	579195	True	complete	0
indep6	dfs	0	1	2.36	-	15.801	8108731	True	complete	0
indep6	bfs	0	1	2.06	-	27.913	8108731	True	complete	0
indep6	par	1	1	2.31	-	14.592	8108731	True	complete	0
indep6	par	2	1	2.37	-	11.763	8108731	True	complete	0
indep6	par	4	1	2.31	-	4.916	8108731	True	complete	0
indep6	par	8	1	2.52	-	2.942	8108731	True	complete	0
indep6	par	16	1	3.12	-	2.078	8108731	True	complete	0
indep6	par	32	1	2.87	-	2.226	8108731	True	complete	0
indep6	dfs	0	2	2.87	-	14.437	8108731	True	complete	0
indep6	bfs	0	2	2.83	-	28.715	8108731	True	complete	0
indep6	par	1	2	3.55	-	14.438	8108731	True	complete	0
indep6	par	2	2	3.57	-	13.110	8108731	True	complete	0
indep6	par	4	2	3.88	-	5.426	8108731	True	complete	0
indep6	par	8	2	3.91	-	3.205	8108731	True	complete	0
indep6	par	16	2	3.59	-	3.066	8108731	True	complete	0
indep6	par	32	2	3.59	-	2.084	8108731	True	complete	0
indep6	dfs	0	3	5.87	-	16.544	8108731	True	complete	0
indep6	bfs	0	3	5.29	-	29.629	8108731	True	complete	0
indep6	par	1	3	5.58	-	14.258	8108731	True	complete	0
indep6	par	2	3	6.19	-	14.326	8108731	True	complete	0
indep6	par	4	3	6.87	-	5.978	8108731	True	complete	0
indep6	par	8	3	7.03	-	3.394	8108731	True	complete	0
indep6	par	16	3	7.03	-	2.259	8108731	True	complete	0
indep6	par	32	3	8.71	-	2.687	8108731	True	complete	0
two	dfs	0	1	11.22	-	3.709	4010007	True	complete	0
two	bfs	0	1	11.44	-	6.287	4010007	True	complete	0
two	par	1	1	11.32	-	3.861	4010007	True	complete	0
two	par	2	1	11.46	-	3.511	4010007	True	complete	0
two	par	4	1	11.10	-	3.022	4010007	True	complete	0
two	par	8	1	10.93	-	3.463	4010007	True	complete	0
two	par	16	1	11.18	-	2.774	4010007	True	complete	0
two	par	32	1	10.68	-	3.316	4010007	True	complete	0
two	dfs	0	2	10.23	-	2.870	4010007	True	complete	0
two	bfs	0	2	10.23	-	6.377	4010007	True	complete	0
two	par	1	2	9.27	-	2.746	4010007	True	complete	0
two	par	2	2	8.69	-	3.600	4010007	True	complete	0
two	par	4	2	8.15	-	3.086	4010007	True	complete	0
two	par	8	2	8.15	-	3.333	4010007	True	complete	0
two	par	16	2	8.38	-	2.899	4010007	True	complete	0
two	par	32	2	8.67	-	2.980	4010007	True	complete	0
two	dfs	0	3	8.38	-	2.821	4010007	True	complete	0
two	bfs	0	3	7.95	-	6.111	4010007	True	complete	0
two	par	1	3	7.71	-	2.687	4010007	True	complete	0
two	par	2	3	7.33	-	2.836	4010007	True	complete	0
two	par	4	3	6.98	-	3.307	4010007	True	complete	0
two	par	8	3	6.98	-	2.643	4010007	True	complete	0
two	par	16	3	7.23	-	3.003	4010007	True	complete	0
two	par	32	3	7.45	-	3.016	4010007	True	complete	0
chain	dfs	0	1	7.73	-	1.652	2000003	True	complete	0
chain	bfs	0	1	7.73	-	2.103	2000003	True	complete	0
chain	par	1	1	7.51	-	1.737	2000003	True	complete	0
chain	par	2	1	7.23	-	1.460	2000003	True	complete	0
chain	par	4	1	7.23	-	1.601	2000003	True	complete	0
chain	par	8	1	7.05	-	1.440	2000003	True	complete	0
chain	par	16	1	7.05	-	1.604	2000003	True	complete	0
chain	par	32	1	6.89	-	1.688	2000003	True	complete	0
chain	dfs	0	2	6.89	-	1.826	2000003	True	complete	0
chain	bfs	0	2	6.74	-	2.278	2000003	True	complete	0
chain	par	1	2	6.74	-	1.627	2000003	True	complete	0
chain	par	2	2	6.44	-	1.680	2000003	True	complete	0
chain	par	4	2	6.08	-	1.349	2000003	True	complete	0
chain	par	8	2	6.08	-	1.771	2000003	True	complete	0
chain	par	16	2	5.76	-	1.631	2000003	True	complete	0
chain	par	32	2	5.76	-	1.659	2000003	True	complete	0
chain	dfs	0	3	5.69	-	2.157	2000003	True	complete	0
chain	bfs	0	3	5.69	-	2.405	2000003	True	complete	0
chain	par	1	3	5.56	-	1.603	2000003	True	complete	0
chain	par	2	3	5.51	-	1.581	2000003	True	complete	0
chain	par	4	3	5.51	-	1.602	2000003	True	complete	0
chain	par	8	3	5.23	-	1.617	2000003	True	complete	0
chain	par	16	3	5.23	-	1.693	2000003	True	complete	0
chain	par	32	3	5.05	-	1.779	2000003	True	complete	0
client	dfs	0	1	5.05	-	0.445	191200	True	complete	0
client	bfs	0	1	4.81	-	0.655	191200	True	complete	0
client	par	1	1	4.81	-	0.468	191200	True	complete	0
client	par	2	1	4.81	-	0.338	191200	True	complete	0
client	par	4	1	4.82	-	0.253	191200	True	complete	0
client	par	8	1	4.82	-	0.143	191200	True	complete	0
client	par	16	1	4.82	-	0.163	191200	True	complete	0
client	par	32	1	4.82	-	0.139	191200	True	complete	0
client	dfs	0	2	4.76	-	0.406	191200	True	complete	0
client	bfs	0	2	4.76	-	0.616	191200	True	complete	0
client	par	1	2	4.76	-	0.454	191200	True	complete	0
client	par	2	2	4.76	-	0.360	191200	True	complete	0
client	par	4	2	4.78	-	0.245	191200	True	complete	0
client	par	8	2	4.78	-	0.142	191200	True	complete	0
client	par	16	2	4.78	-	0.174	191200	True	complete	0
client	par	32	2	4.78	-	0.142	191200	True	complete	0
client	dfs	0	3	6.32	-	0.479	191200	True	complete	0
client	bfs	0	3	6.32	-	0.657	191200	True	complete	0
client	par	1	3	6.32	-	0.480	191200	True	complete	0
client	par	2	3	6.13	-	0.338	191200	True	complete	0
client	par	4	3	6.13	-	0.175	191200	True	complete	0
client	par	8	3	6.13	-	0.135	191200	True	complete	0
client	par	16	3	6.13	-	0.125	191200	True	complete	0
client	par	32	3	6.12	-	0.146	191200	True	complete	0
counters	dfs	0	1	6.12	-	2.197	1000000	True	complete	0
counters	bfs	0	1	6.11	-	3.204	1000000	True	complete	0
counters	par	1	1	6.11	-	1.513	1000000	True	complete	0
counters	par	2	1	6.26	-	1.117	1000000	True	complete	0
counters	par	4	1	6.26	-	0.610	1000000	True	complete	0
counters	par	8	1	6.40	-	0.442	1000000	True	complete	0
counters	par	16	1	6.40	-	0.297	1000000	True	complete	0
counters	par	32	1	6.40	-	0.290	1000000	True	complete	0
counters	dfs	0	2	6.05	-	2.362	1000000	True	complete	0
counters	bfs	0	2	6.05	-	2.945	1000000	True	complete	0
counters	par	1	2	5.88	-	1.659	1000000	True	complete	0
counters	par	2	2	5.57	-	0.964	1000000	True	complete	0
counters	par	4	2	5.57	-	0.625	1000000	True	complete	0
counters	par	8	2	5.57	-	0.435	1000000	True	complete	0
counters	par	16	2	5.29	-	0.361	1000000	True	complete	0
counters	par	32	2	5.29	-	0.393	1000000	True	complete	0
counters	dfs	0	3	5.29	-	2.413	1000000	True	complete	0
counters	bfs	0	3	5.02	-	3.288	1000000	True	complete	0
counters	par	1	3	5.10	-	1.620	1000000	True	complete	0
counters	par	2	3	5.10	-	0.983	1000000	True	complete	0
counters	par	4	3	5.01	-	0.624	1000000	True	complete	0
counters	par	8	3	5.01	-	0.436	1000000	True	complete	0
counters	par	16	3	5.01	-	0.349	1000000	True	complete	0
counters	par	32	3	4.77	-	0.365	1000000	True	complete	0
indep6	par-node0	1	1	4.77	-	12.885	8108731	True	complete	0
indep6	par-node0	2	1	4.38	-	7.103	8108731	True	complete	0
indep6	par-node0	4	1	4.35	-	4.914	8108731	True	complete	0
indep6	par-node0	8	1	4.44	-	2.529	8108731	True	complete	0
indep6	par-node0	1	2	4.44	-	15.162	8108731	True	complete	0
indep6	par-node0	2	2	4.01	-	10.904	8108731	True	complete	0
indep6	par-node0	4	2	4.08	-	4.961	8108731	True	complete	0
indep6	par-node0	8	2	4.32	-	3.175	8108731	True	complete	0
indep6	par-node0	1	3	5.01	-	16.053	8108731	True	complete	0
indep6	par-node0	2	3	4.65	-	10.842	8108731	True	complete	0
indep6	par-node0	4	3	4.87	-	4.842	8108731	True	complete	0
indep6	par-node0	8	3	5.20	-	3.195	8108731	True	complete	0
counters	par-node0	1	1	5.67	-	1.565	1000000	True	complete	0
counters	par-node0	2	1	5.67	-	0.918	1000000	True	complete	0
counters	par-node0	4	1	5.70	-	0.569	1000000	True	complete	0
counters	par-node0	8	1	5.70	-	0.346	1000000	True	complete	0
counters	par-node0	1	2	5.70	-	1.607	1000000	True	complete	0
counters	par-node0	2	2	5.56	-	0.903	1000000	True	complete	0
counters	par-node0	4	2	5.56	-	0.495	1000000	True	complete	0
counters	par-node0	8	2	5.35	-	0.352	1000000	True	complete	0
counters	par-node0	1	3	5.35	-	1.594	1000000	True	complete	0
counters	par-node0	2	3	5.35	-	0.890	1000000	True	complete	0
counters	par-node0	4	3	5.25	-	0.492	1000000	True	complete	0
counters	par-node0	8	3	5.25	-	0.382	1000000	True	complete	0
two	par-node0	1	1	5.25	-	3.614	4010007	True	complete	0
two	par-node0	2	1	5.23	-	3.591	4010007	True	complete	0
two	par-node0	4	1	5.05	-	2.470	4010007	True	complete	0
two	par-node0	8	1	5.12	-	2.124	4010007	True	complete	0
two	par-node0	1	2	4.87	-	3.562	4010007	True	complete	0
two	par-node0	2	2	4.64	-	3.697	4010007	True	complete	0
two	par-node0	4	2	4.59	-	2.551	4010007	True	complete	0
two	par-node0	8	2	4.59	-	2.123	4010007	True	complete	0
two	par-node0	1	3	5.02	-	3.861	4010007	True	complete	0
two	par-node0	2	3	4.86	-	3.710	4010007	True	complete	0
two	par-node0	4	3	4.71	-	2.464	4010007	True	complete	0
two	par-node0	8	3	4.58	-	1.908	4010007	True	complete	0
done
